Year,Garda Division,VALUE
2008.0,Cavan/Monaghan Garda Division,13200.0
2008.0,Clare Garda Division,11951.0
2008.0,Cork City Garda Division,36823.0
2008.0,Cork North Garda Division,12089.0
2008.0,Cork West Garda Division,9526.0
2008.0,D.M.R. Eastern Garda Division,20665.0
2008.0,D.M.R. North Central Garda Division,45943.0
2008.0,D.M.R. Northern Garda Division,43052.0
2008.0,D.M.R. South Central Garda Division,41417.0
2008.0,D.M.R. Southern Garda Division,32812.0
2008.0,D.M.R. Western Garda Division,46424.0
2008.0,Donegal Garda Division,17717.0
2008.0,Galway Garda Division,25826.0
2008.0,Kerry Garda Division,13534.0
2008.0,Kildare Garda Division,21500.0
2008.0,Kilkenny/Carlow Garda Division,15491.0
2008.0,Laois/Offaly Garda Division,14635.0
2008.0,Limerick Garda Division,31159.0
2008.0,Louth Garda Division,18455.0
2008.0,Mayo Garda Division,10449.0
2008.0,Meath Garda Division,14786.0
2008.0,Roscommon/Longford Garda Division,7609.0
2008.0,Sligo/Leitrim Garda Division,9676.0
2008.0,Tipperary Garda Division,14576.0
2008.0,Waterford Garda Division,18595.0
2008.0,Westmeath Garda Division,10919.0
2008.0,Wexford Garda Division,13439.0
2008.0,Wicklow Garda Division,17341.0
2009.0,Cavan/Monaghan Garda Division,11983.0
2009.0,Clare Garda Division,10937.0
2009.0,Cork City Garda Division,33777.0
2009.0,Cork North Garda Division,11045.0
2009.0,Cork West Garda Division,8460.0
2009.0,D.M.R. Eastern Garda Division,20944.0
2009.0,D.M.R. North Central Garda Division,40513.0
2009.0,D.M.R. Northern Garda Division,42926.0
2009.0,D.M.R. South Central Garda Division,37413.0
2009.0,D.M.R. Southern Garda Division,33200.0
2009.0,D.M.R. Western Garda Division,46244.0
2009.0,Donegal Garda Division,15525.0
2009.0,Galway Garda Division,24898.0
2009.0,Kerry Garda Division,12267.0
2009.0,Kildare Garda Division,20076.0
2009.0,Kilkenny/Carlow Garda Division,16908.0
2009.0,Laois/Offaly Garda Division,14026.0
2009.0,Limerick Garda Division,30441.0
2009.0,Louth Garda Division,17666.0
2009.0,Mayo Garda Division,10221.0
2009.0,Meath Garda Division,15880.0
2009.0,Roscommon/Longford Garda Division,7708.0
2009.0,Sligo/Leitrim Garda Division,8821.0
2009.0,Tipperary Garda Division,13767.0
2009.0,Waterford Garda Division,17770.0
2009.0,Westmeath Garda Division,10073.0
2009.0,Wexford Garda Division,13742.0
2009.0,Wicklow Garda Division,17705.0
2010.0,Cavan/Monaghan Garda Division,12127.0
2010.0,Clare Garda Division,10437.0
2010.0,Cork City Garda Division,31803.0
2010.0,Cork North Garda Division,10550.0
2010.0,Cork West Garda Division,7301.0
2010.0,D.M.R. Eastern Garda Division,20547.0
2010.0,D.M.R. North Central Garda Division,41599.0
2010.0,D.M.R. Northern Garda Division,38895.0
2010.0,D.M.R. South Central Garda Division,36984.0
2010.0,D.M.R. Southern Garda Division,31461.0
2010.0,D.M.R. Western Garda Division,46618.0
2010.0,Donegal Garda Division,13378.0
2010.0,Galway Garda Division,22864.0
2010.0,Kerry Garda Division,13253.0
2010.0,Kildare Garda Division,19011.0
2010.0,Kilkenny/Carlow Garda Division,16897.0
2010.0,Laois/Offaly Garda Division,13523.0
2010.0,Limerick Garda Division,29323.0
2010.0,Louth Garda Division,16809.0
2010.0,Mayo Garda Division,9241.0
2010.0,Meath Garda Division,14448.0
2010.0,Roscommon/Longford Garda Division,7079.0
2010.0,Sligo/Leitrim Garda Division,7710.0
2010.0,Tipperary Garda Division,13118.0
2010.0,Waterford Garda Division,16193.0
2010.0,Westmeath Garda Division,9934.0
2010.0,Wexford Garda Division,12358.0
2010.0,Wicklow Garda Division,16651.0
2011.0,Cavan/Monaghan Garda Division,11354.0
2011.0,Clare Garda Division,8605.0
2011.0,Cork City Garda Division,30429.0
2011.0,Cork North Garda Division,9632.0
2011.0,Cork West Garda Division,7397.0
2011.0,D.M.R. Eastern Garda Division,19534.0
2011.0,D.M.R. North Central Garda Division,39989.0
2011.0,D.M.R. Northern Garda Division,37147.0
2011.0,D.M.R. South Central Garda Division,38565.0
2011.0,D.M.R. Southern Garda Division,27740.0
2011.0,D.M.R. Western Garda Division,42440.0
2011.0,Donegal Garda Division,12690.0
2011.0,Galway Garda Division,19506.0
2011.0,Kerry Garda Division,11378.0
2011.0,Kildare Garda Division,19774.0
2011.0,Kilkenny/Carlow Garda Division,15672.0
2011.0,Laois/Offaly Garda Division,12940.0
2011.0,Limerick Garda Division,28331.0
2011.0,Louth Garda Division,14658.0
2011.0,Mayo Garda Division,8371.0
2011.0,Meath Garda Division,13993.0
2011.0,Roscommon/Longford Garda Division,6706.0
2011.0,Sligo/Leitrim Garda Division,7391.0
2011.0,Tipperary Garda Division,11997.0
2011.0,Waterford Garda Division,14904.0
2011.0,Westmeath Garda Division,9122.0
2011.0,Wexford Garda Division,13289.0
2011.0,Wicklow Garda Division,16154.0
2012.0,Cavan/Monaghan Garda Division,10347.0
2012.0,Clare Garda Division,8025.0
2012.0,Cork City Garda Division,27740.0
2012.0,Cork North Garda Division,9340.0
2012.0,Cork West Garda Division,6498.0
2012.0,D.M.R. Eastern Garda Division,19085.0
2012.0,D.M.R. North Central Garda Division,37435.0
2012.0,D.M.R. Northern Garda Division,34565.0
2012.0,D.M.R. South Central Garda Division,38093.0
2012.0,D.M.R. Southern Garda Division,27200.0
2012.0,D.M.R. Western Garda Division,42602.0
2012.0,Donegal Garda Division,10786.0
2012.0,Galway Garda Division,19152.0
2012.0,Kerry Garda Division,10758.0
2012.0,Kildare Garda Division,17680.0
2012.0,Kilkenny/Carlow Garda Division,14062.0
2012.0,Laois/Offaly Garda Division,12480.0
2012.0,Limerick Garda Division,25747.0
2012.0,Louth Garda Division,14617.0
2012.0,Mayo Garda Division,8420.0
2012.0,Meath Garda Division,13197.0
2012.0,Roscommon/Longford Garda Division,6640.0
2012.0,Sligo/Leitrim Garda Division,6939.0
2012.0,Tipperary Garda Division,10928.0
2012.0,Waterford Garda Division,14389.0
2012.0,Westmeath Garda Division,9042.0
2012.0,Wexford Garda Division,13195.0
2012.0,Wicklow Garda Division,14783.0
2013.0,Cavan/Monaghan Garda Division,8659.0
2013.0,Clare Garda Division,7747.0
2013.0,Cork City Garda Division,25697.0
2013.0,Cork North Garda Division,8956.0
2013.0,Cork West Garda Division,6118.0
2013.0,D.M.R. Eastern Garda Division,16975.0
2013.0,D.M.R. North Central Garda Division,36295.0
2013.0,D.M.R. Northern Garda Division,33556.0
2013.0,D.M.R. South Central Garda Division,37148.0
2013.0,D.M.R. Southern Garda Division,26051.0
2013.0,D.M.R. Western Garda Division,38510.0
2013.0,Donegal Garda Division,9760.0
2013.0,Galway Garda Division,17170.0
2013.0,Kerry Garda Division,9984.0
2013.0,Kildare Garda Division,16384.0
2013.0,Kilkenny/Carlow Garda Division,13414.0
2013.0,Laois/Offaly Garda Division,13111.0
2013.0,Limerick Garda Division,24413.0
2013.0,Louth Garda Division,13072.0
2013.0,Mayo Garda Division,7290.0
2013.0,Meath Garda Division,11988.0
2013.0,Roscommon/Longford Garda Division,6311.0
2013.0,Sligo/Leitrim Garda Division,6845.0
2013.0,Tipperary Garda Division,10904.0
2013.0,Waterford Garda Division,13029.0
2013.0,Westmeath Garda Division,8740.0
2013.0,Wexford Garda Division,11370.0
2013.0,Wicklow Garda Division,13447.0
2014.0,Cavan/Monaghan Garda Division,8551.0
2014.0,Clare Garda Division,7551.0
2014.0,Cork City Garda Division,24709.0
2014.0,Cork North Garda Division,8675.0
2014.0,Cork West Garda Division,5792.0
2014.0,D.M.R. Eastern Garda Division,18224.0
2014.0,D.M.R. North Central Garda Division,38102.0
2014.0,D.M.R. Northern Garda Division,31651.0
2014.0,D.M.R. South Central Garda Division,37503.0
2014.0,D.M.R. Southern Garda Division,27349.0
2014.0,D.M.R. Western Garda Division,38749.0
2014.0,Donegal Garda Division,9673.0
2014.0,Galway Garda Division,17060.0
2014.0,Kerry Garda Division,10003.0
2014.0,Kildare Garda Division,15642.0
2014.0,Kilkenny/Carlow Garda Division,12723.0
2014.0,Laois/Offaly Garda Division,12786.0
2014.0,Limerick Garda Division,23270.0
2014.0,Louth Garda Division,12911.0
2014.0,Mayo Garda Division,6620.0
2014.0,Meath Garda Division,12188.0
2014.0,Roscommon/Longford Garda Division,6021.0
2014.0,Sligo/Leitrim Garda Division,6481.0
2014.0,Tipperary Garda Division,10483.0
2014.0,Waterford Garda Division,11989.0
2014.0,Westmeath Garda Division,8287.0
2014.0,Wexford Garda Division,10502.0
2014.0,Wicklow Garda Division,13293.0
2015.0,Cavan/Monaghan Garda Division,8850.0
2015.0,Clare Garda Division,7879.0
2015.0,Cork City Garda Division,24145.0
2015.0,Cork North Garda Division,8385.0
2015.0,Cork West Garda Division,5476.0
2015.0,D.M.R. Eastern Garda Division,19046.0
2015.0,D.M.R. North Central Garda Division,44673.0
2015.0,D.M.R. Northern Garda Division,30668.0
2015.0,D.M.R. South Central Garda Division,37362.0
2015.0,D.M.R. Southern Garda Division,27059.0
2015.0,D.M.R. Western Garda Division,34562.0
2015.0,Donegal Garda Division,9452.0
2015.0,Galway Garda Division,16919.0
2015.0,Kerry Garda Division,10441.0
2015.0,Kildare Garda Division,14696.0
2015.0,Kilkenny/Carlow Garda Division,11273.0
2015.0,Laois/Offaly Garda Division,12735.0
2015.0,Limerick Garda Division,24169.0
2015.0,Louth Garda Division,13126.0
2015.0,Mayo Garda Division,6753.0
2015.0,Meath Garda Division,11170.0
2015.0,Roscommon/Longford Garda Division,5951.0
2015.0,Sligo/Leitrim Garda Division,6246.0
2015.0,Tipperary Garda Division,10199.0
2015.0,Waterford Garda Division,12095.0
2015.0,Westmeath Garda Division,7735.0
2015.0,Wexford Garda Division,11191.0
2015.0,Wicklow Garda Division,12334.0
2016.0,Cavan/Monaghan Garda Division,8825.0
2016.0,Clare Garda Division,7296.0
2016.0,Cork City Garda Division,21925.0
2016.0,Cork North Garda Division,7455.0
2016.0,Cork West Garda Division,4644.0
2016.0,D.M.R. Eastern Garda Division,16252.0
2016.0,D.M.R. North Central Garda Division,39497.0
2016.0,D.M.R. Northern Garda Division,26633.0
2016.0,D.M.R. South Central Garda Division,32578.0
2016.0,D.M.R. Southern Garda Division,23947.0
2016.0,D.M.R. Western Garda Division,31362.0
2016.0,Donegal Garda Division,9106.0
2016.0,Galway Garda Division,15120.0
2016.0,Kerry Garda Division,8769.0
2016.0,Kildare Garda Division,13234.0
2016.0,Kilkenny/Carlow Garda Division,10379.0
2016.0,Laois/Offaly Garda Division,11228.0
2016.0,Limerick Garda Division,19371.0
2016.0,Louth Garda Division,11290.0
2016.0,Mayo Garda Division,6130.0
2016.0,Meath Garda Division,9547.0
2016.0,Roscommon/Longford Garda Division,5338.0
2016.0,Sligo/Leitrim Garda Division,5481.0
2016.0,Tipperary Garda Division,9409.0
2016.0,Waterford Garda Division,10468.0
2016.0,Westmeath Garda Division,8168.0
2016.0,Wexford Garda Division,9477.0
2016.0,Wicklow Garda Division,10508.0
