﻿STATISTIC Label,Month,Age Group,Sex,Social Welfare Office,UNIT,VALUE
Persons on Live Register,2008 January,All ages,Both sexes,State,Number,181449
Persons on Live Register,2008 February,All ages,Both sexes,State,Number,189485
Persons on Live Register,2008 March,All ages,Both sexes,State,Number,197992
Persons on Live Register,2008 April,All ages,Both sexes,State,Number,195598
Persons on Live Register,2008 May,All ages,Both sexes,State,Number,201756
Persons on Live Register,2008 June,All ages,Both sexes,State,Number,220811
Persons on Live Register,2008 July,All ages,Both sexes,State,Number,238240
Persons on Live Register,2008 August,All ages,Both sexes,State,Number,247384
Persons on Live Register,2008 September,All ages,Both sexes,State,Number,240217
Persons on Live Register,2008 October,All ages,Both sexes,State,Number,250680
Persons on Live Register,2008 November,All ages,Both sexes,State,Number,267189
Persons on Live Register,2008 December,All ages,Both sexes,State,Number,290018
Persons on Live Register,2009 January,All ages,Both sexes,State,Number,326272
Persons on Live Register,2009 February,All ages,Both sexes,State,Number,352453
Persons on Live Register,2009 March,All ages,Both sexes,State,Number,369203
Persons on Live Register,2009 April,All ages,Both sexes,State,Number,381876
Persons on Live Register,2009 May,All ages,Both sexes,State,Number,394134
Persons on Live Register,2009 June,All ages,Both sexes,State,Number,415462
Persons on Live Register,2009 July,All ages,Both sexes,State,Number,432421
Persons on Live Register,2009 August,All ages,Both sexes,State,Number,436725
Persons on Live Register,2009 September,All ages,Both sexes,State,Number,419854
Persons on Live Register,2009 October,All ages,Both sexes,State,Number,412407
Persons on Live Register,2009 November,All ages,Both sexes,State,Number,413505
Persons on Live Register,2009 December,All ages,Both sexes,State,Number,423595
Persons on Live Register,2010 January,All ages,Both sexes,State,Number,436936
Persons on Live Register,2010 February,All ages,Both sexes,State,Number,436956
Persons on Live Register,2010 March,All ages,Both sexes,State,Number,435121
Persons on Live Register,2010 April,All ages,Both sexes,State,Number,432657
Persons on Live Register,2010 May,All ages,Both sexes,State,Number,437922
Persons on Live Register,2010 June,All ages,Both sexes,State,Number,452882
Persons on Live Register,2010 July,All ages,Both sexes,State,Number,466824
Persons on Live Register,2010 August,All ages,Both sexes,State,Number,466923
Persons on Live Register,2010 September,All ages,Both sexes,State,Number,442417
Persons on Live Register,2010 October,All ages,Both sexes,State,Number,429553
Persons on Live Register,2010 November,All ages,Both sexes,State,Number,425002
Persons on Live Register,2010 December,All ages,Both sexes,State,Number,437079
Persons on Live Register,2011 January,All ages,Both sexes,State,Number,442677
Persons on Live Register,2011 February,All ages,Both sexes,State,Number,444299
Persons on Live Register,2011 March,All ages,Both sexes,State,Number,441193
Persons on Live Register,2011 April,All ages,Both sexes,State,Number,439571
Persons on Live Register,2011 May,All ages,Both sexes,State,Number,440947
Persons on Live Register,2011 June,All ages,Both sexes,State,Number,457948
Persons on Live Register,2011 July,All ages,Both sexes,State,Number,470284
Persons on Live Register,2011 August,All ages,Both sexes,State,Number,469713
Persons on Live Register,2011 September,All ages,Both sexes,State,Number,437441
Persons on Live Register,2011 October,All ages,Both sexes,State,Number,430432
Persons on Live Register,2011 November,All ages,Both sexes,State,Number,429567
Persons on Live Register,2011 December,All ages,Both sexes,State,Number,434784
Persons on Live Register,2012 January,All ages,Both sexes,State,Number,438885
Persons on Live Register,2012 February,All ages,Both sexes,State,Number,438765
Persons on Live Register,2012 March,All ages,Both sexes,State,Number,433459
Persons on Live Register,2012 April,All ages,Both sexes,State,Number,429360
Persons on Live Register,2012 May,All ages,Both sexes,State,Number,432294
Persons on Live Register,2012 June,All ages,Both sexes,State,Number,451332
Persons on Live Register,2012 July,All ages,Both sexes,State,Number,459539
Persons on Live Register,2012 August,All ages,Both sexes,State,Number,455754
Persons on Live Register,2012 September,All ages,Both sexes,State,Number,428596
Persons on Live Register,2012 October,All ages,Both sexes,State,Number,419443
Persons on Live Register,2012 November,All ages,Both sexes,State,Number,417626
Persons on Live Register,2012 December,All ages,Both sexes,State,Number,423269
Persons on Live Register,2013 January,All ages,Both sexes,State,Number,428712
Persons on Live Register,2013 February,All ages,Both sexes,State,Number,428267
Persons on Live Register,2013 March,All ages,Both sexes,State,Number,424357
Persons on Live Register,2013 April,All ages,Both sexes,State,Number,417135
Persons on Live Register,2013 May,All ages,Both sexes,State,Number,421290
Persons on Live Register,2013 June,All ages,Both sexes,State,Number,434905
Persons on Live Register,2013 July,All ages,Both sexes,State,Number,441545
Persons on Live Register,2013 August,All ages,Both sexes,State,Number,434844
Persons on Live Register,2013 September,All ages,Both sexes,State,Number,408237
Persons on Live Register,2013 October,All ages,Both sexes,State,Number,396097
Persons on Live Register,2013 November,All ages,Both sexes,State,Number,391128
Persons on Live Register,2013 December,All ages,Both sexes,State,Number,395068
Persons on Live Register,2014 January,All ages,Both sexes,State,Number,399244
Persons on Live Register,2014 February,All ages,Both sexes,State,Number,397722
Persons on Live Register,2014 March,All ages,Both sexes,State,Number,390916
Persons on Live Register,2014 April,All ages,Both sexes,State,Number,388258
Persons on Live Register,2014 May,All ages,Both sexes,State,Number,388486
Persons on Live Register,2014 June,All ages,Both sexes,State,Number,398547
Persons on Live Register,2014 July,All ages,Both sexes,State,Number,404217
Persons on Live Register,2014 August,All ages,Both sexes,State,Number,398042
Persons on Live Register,2014 September,All ages,Both sexes,State,Number,369783
Persons on Live Register,2014 October,All ages,Both sexes,State,Number,358081
Persons on Live Register,2014 November,All ages,Both sexes,State,Number,352372
Persons on Live Register,2014 December,All ages,Both sexes,State,Number,355860
Persons on Live Register,2015 January,All ages,Both sexes,State,Number,358376
Persons on Live Register,2015 February,All ages,Both sexes,State,Number,354858
Persons on Live Register,2015 March,All ages,Both sexes,State,Number,348397
Persons on Live Register,2015 April,All ages,Both sexes,State,Number,343258
Persons on Live Register,2015 May,All ages,Both sexes,State,Number,345331
Persons on Live Register,2015 June,All ages,Both sexes,State,Number,356196
Persons on Live Register,2015 July,All ages,Both sexes,State,Number,363313
Persons on Live Register,2015 August,All ages,Both sexes,State,Number,358799
Persons on Live Register,2015 September,All ages,Both sexes,State,Number,332470
Persons on Live Register,2015 October,All ages,Both sexes,State,Number,320531
Persons on Live Register,2015 November,All ages,Both sexes,State,Number,316331
Persons on Live Register,2015 December,All ages,Both sexes,State,Number,321373
Persons on Live Register,2016 January,All ages,Both sexes,State,Number,321513
Persons on Live Register,2016 February,All ages,Both sexes,State,Number,319449
Persons on Live Register,2016 March,All ages,Both sexes,State,Number,315364
Persons on Live Register,2016 April,All ages,Both sexes,State,Number,305540
Persons on Live Register,2016 May,All ages,Both sexes,State,Number,306822
Persons on Live Register,2016 June,All ages,Both sexes,State,Number,315654
Persons on Live Register,2016 July,All ages,Both sexes,State,Number,318995
Persons on Live Register,2016 August,All ages,Both sexes,State,Number,316018
Persons on Live Register,2016 September,All ages,Both sexes,State,Number,286103
Persons on Live Register,2016 October,All ages,Both sexes,State,Number,276809
Persons on Live Register,2016 November,All ages,Both sexes,State,Number,273160
Persons on Live Register,2016 December,All ages,Both sexes,State,Number,276502

