﻿Statistic Label,Year,Household Composition,UNIT,VALUE
At Risk of Poverty Rate,2008,"1 adult, with children under 18 years",%,36.44
At Risk of Poverty Rate,2008,2 adults with 1-2 children under 18,%,9.73
At Risk of Poverty Rate,2008,2 adults with 3+ children under 18,%,16.7
At Risk of Poverty Rate,2008,Other households with children under 18 years,%,15.1
At Risk of Poverty Rate,2008,Households without children,%,12.34
At Risk of Poverty Rate,2009,"1 adult, with children under 18 years",%,35.49
At Risk of Poverty Rate,2009,2 adults with 1-2 children under 18,%,9.12
At Risk of Poverty Rate,2009,2 adults with 3+ children under 18,%,21.78
At Risk of Poverty Rate,2009,Other households with children under 18 years,%,14
At Risk of Poverty Rate,2009,Households without children,%,11.18
At Risk of Poverty Rate,2010,"1 adult, with children under 18 years",%,24.65
At Risk of Poverty Rate,2010,2 adults with 1-2 children under 18,%,13.81
At Risk of Poverty Rate,2010,2 adults with 3+ children under 18,%,18.94
At Risk of Poverty Rate,2010,Other households with children under 18 years,%,19.52
At Risk of Poverty Rate,2010,Households without children,%,10.93
At Risk of Poverty Rate,2011,"1 adult, with children under 18 years",%,28.44
At Risk of Poverty Rate,2011,2 adults with 1-2 children under 18,%,13.31
At Risk of Poverty Rate,2011,2 adults with 3+ children under 18,%,19.53
At Risk of Poverty Rate,2011,Other households with children under 18 years,%,21.44
At Risk of Poverty Rate,2011,Households without children,%,12.4
At Risk of Poverty Rate,2012,"1 adult, with children under 18 years",%,30.15
At Risk of Poverty Rate,2012,2 adults with 1-2 children under 18,%,12.99
At Risk of Poverty Rate,2012,2 adults with 3+ children under 18,%,20.16
At Risk of Poverty Rate,2012,Other households with children under 18 years,%,22.16
At Risk of Poverty Rate,2012,Households without children,%,14.62
At Risk of Poverty Rate,2013,"1 adult, with children under 18 years",%,35.65
At Risk of Poverty Rate,2013,2 adults with 1-2 children under 18,%,11.31
At Risk of Poverty Rate,2013,2 adults with 3+ children under 18,%,16.39
At Risk of Poverty Rate,2013,Other households with children under 18 years,%,26.37
At Risk of Poverty Rate,2013,Households without children,%,13.13
At Risk of Poverty Rate,2014,"1 adult, with children under 18 years",%,34.65
At Risk of Poverty Rate,2014,2 adults with 1-2 children under 18,%,11.88
At Risk of Poverty Rate,2014,2 adults with 3+ children under 18,%,20.75
At Risk of Poverty Rate,2014,Other households with children under 18 years,%,24.12
At Risk of Poverty Rate,2014,Households without children,%,14.15
At Risk of Poverty Rate,2015,"1 adult, with children under 18 years",%,33.89
At Risk of Poverty Rate,2015,2 adults with 1-2 children under 18,%,13.17
At Risk of Poverty Rate,2015,2 adults with 3+ children under 18,%,17.99
At Risk of Poverty Rate,2015,Other households with children under 18 years,%,20.58
At Risk of Poverty Rate,2015,Households without children,%,14.53
At Risk of Poverty Rate,2016,"1 adult, with children under 18 years",%,39.39
At Risk of Poverty Rate,2016,2 adults with 1-2 children under 18,%,10.69
At Risk of Poverty Rate,2016,2 adults with 3+ children under 18,%,19.45
At Risk of Poverty Rate,2016,Other households with children under 18 years,%,22.38
At Risk of Poverty Rate,2016,Households without children,%,13.96
At Risk of Poverty Rate,2017,"1 adult, with children under 18 years",%,39.93
At Risk of Poverty Rate,2017,2 adults with 1-2 children under 18,%,8.84
At Risk of Poverty Rate,2017,2 adults with 3+ children under 18,%,17.3
At Risk of Poverty Rate,2017,Other households with children under 18 years,%,21.67
At Risk of Poverty Rate,2017,Households without children,%,14.16
At Risk of Poverty Rate,2018,"1 adult, with children under 18 years",%,33.5
At Risk of Poverty Rate,2018,2 adults with 1-2 children under 18,%,8.4
At Risk of Poverty Rate,2018,2 adults with 3+ children under 18,%,16.3
At Risk of Poverty Rate,2018,Other households with children under 18 years,%,14.5
At Risk of Poverty Rate,2018,Households without children,%,13.6
At Risk of Poverty Rate,2019,"1 adult, with children under 18 years",%,29.7
At Risk of Poverty Rate,2019,2 adults with 1-2 children under 18,%,11.5
At Risk of Poverty Rate,2019,2 adults with 3+ children under 18,%,13.8
At Risk of Poverty Rate,2019,Other households with children under 18 years,%,12.3
At Risk of Poverty Rate,2019,Households without children,%,11.2
Consistent Poverty Rate,2008,"1 adult, with children under 18 years",%,17.81
Consistent Poverty Rate,2008,2 adults with 1-2 children under 18,%,2.21
Consistent Poverty Rate,2008,2 adults with 3+ children under 18,%,5.33
Consistent Poverty Rate,2008,Other households with children under 18 years,%,3.56
Consistent Poverty Rate,2008,Households without children,%,2.96
Consistent Poverty Rate,2009,"1 adult, with children under 18 years",%,16.65
Consistent Poverty Rate,2009,2 adults with 1-2 children under 18,%,4.06
Consistent Poverty Rate,2009,2 adults with 3+ children under 18,%,10.93
Consistent Poverty Rate,2009,Other households with children under 18 years,%,5.04
Consistent Poverty Rate,2009,Households without children,%,2.93
Consistent Poverty Rate,2010,"1 adult, with children under 18 years",%,13.58
Consistent Poverty Rate,2010,2 adults with 1-2 children under 18,%,4.7
Consistent Poverty Rate,2010,2 adults with 3+ children under 18,%,11.9
Consistent Poverty Rate,2010,Other households with children under 18 years,%,9.77
Consistent Poverty Rate,2010,Households without children,%,3.61
Consistent Poverty Rate,2011,"1 adult, with children under 18 years",%,16.36
Consistent Poverty Rate,2011,2 adults with 1-2 children under 18,%,6.24
Consistent Poverty Rate,2011,2 adults with 3+ children under 18,%,8.54
Consistent Poverty Rate,2011,Other households with children under 18 years,%,9.85
Consistent Poverty Rate,2011,Households without children,%,3.97
Consistent Poverty Rate,2012,"1 adult, with children under 18 years",%,18.38
Consistent Poverty Rate,2012,2 adults with 1-2 children under 18,%,5.67
Consistent Poverty Rate,2012,2 adults with 3+ children under 18,%,11.56
Consistent Poverty Rate,2012,Other households with children under 18 years,%,11.53
Consistent Poverty Rate,2012,Households without children,%,6.24
Consistent Poverty Rate,2013,"1 adult, with children under 18 years",%,26.34
Consistent Poverty Rate,2013,2 adults with 1-2 children under 18,%,5.97
Consistent Poverty Rate,2013,2 adults with 3+ children under 18,%,11.68
Consistent Poverty Rate,2013,Other households with children under 18 years,%,16.6
Consistent Poverty Rate,2013,Households without children,%,5.14
Consistent Poverty Rate,2014,"1 adult, with children under 18 years",%,23.12
Consistent Poverty Rate,2014,2 adults with 1-2 children under 18,%,7.02
Consistent Poverty Rate,2014,2 adults with 3+ children under 18,%,13.72
Consistent Poverty Rate,2014,Other households with children under 18 years,%,12.22
Consistent Poverty Rate,2014,Households without children,%,4.64
Consistent Poverty Rate,2015,"1 adult, with children under 18 years",%,23.89
Consistent Poverty Rate,2015,2 adults with 1-2 children under 18,%,6.91
Consistent Poverty Rate,2015,2 adults with 3+ children under 18,%,10.62
Consistent Poverty Rate,2015,Other households with children under 18 years,%,13.06
Consistent Poverty Rate,2015,Households without children,%,5.7
Consistent Poverty Rate,2016,"1 adult, with children under 18 years",%,23.25
Consistent Poverty Rate,2016,2 adults with 1-2 children under 18,%,6.68
Consistent Poverty Rate,2016,2 adults with 3+ children under 18,%,9.05
Consistent Poverty Rate,2016,Other households with children under 18 years,%,14.26
Consistent Poverty Rate,2016,Households without children,%,5.03
Consistent Poverty Rate,2017,"1 adult, with children under 18 years",%,20.72
Consistent Poverty Rate,2017,2 adults with 1-2 children under 18,%,4.09
Consistent Poverty Rate,2017,2 adults with 3+ children under 18,%,9.18
Consistent Poverty Rate,2017,Other households with children under 18 years,%,8.13
Consistent Poverty Rate,2017,Households without children,%,5.34
Consistent Poverty Rate,2018,"1 adult, with children under 18 years",%,19.2
Consistent Poverty Rate,2018,2 adults with 1-2 children under 18,%,3.7
Consistent Poverty Rate,2018,2 adults with 3+ children under 18,%,9.1
Consistent Poverty Rate,2018,Other households with children under 18 years,%,3.8
Consistent Poverty Rate,2018,Households without children,%,4.6
Consistent Poverty Rate,2019,"1 adult, with children under 18 years",%,17.1
Consistent Poverty Rate,2019,2 adults with 1-2 children under 18,%,5.8
Consistent Poverty Rate,2019,2 adults with 3+ children under 18,%,7.9
Consistent Poverty Rate,2019,Other households with children under 18 years,%,4.2
Consistent Poverty Rate,2019,Households without children,%,3.5
,,,,

